{"label":1.0,"x1":0.9075421094894408,"x2":0.3291472792625427,"x3":0.3594118654727936,"x4":1.49796986579895,"x5":-0.3130095303058624,"x6":1.09553062915802,"x7":-0.5575249195098877,"x8":-1.588229775428772,"x9":2.1730761528015137,"x10":0.812581181526184,"x11":-0.2136419266462326,"x12":1.2710145711898804,"x13":2.2148721218109126,"x14":0.4999939501285553,"x15":-1.2614318132400513,"x16":0.7321561574935913,"x17":0.0,"x18":0.3987008929252625,"x19":-1.1389300823211668,"x20":-8.191101951524614E-4,"x21":0.0,"x22":0.3022198975086212,"x23":0.8330481648445129,"x24":0.9856996536254883,"x25":0.9780983924865722,"x26":0.7797321677207946,"x27":0.9923557639122008,"x28":0.7983425855636596}
