{"label":0.0,"x1":0.36949536204338074,"x2":0.9641749262809752,"x3":-1.4256824254989624,"x4":0.947717547416687,"x5":0.9910856485366819,"x6":0.4197442531585693,"x7":-2.2022967338562007,"x8":0.7247294187545776,"x9":0.0,"x10":1.1119797229766843,"x11":-0.07667824625968933,"x12":-0.7386844158172606,"x13":1.1074360609054563,"x14":0.6211726665496825,"x15":-0.5095663666725159,"x16":-1.6477637290954588,"x17":0.0,"x18":0.8633651733398436,"x19":0.19525276124477384,"x20":0.2401154786348343,"x21":3.101961374282837,"x22":1.1532371044158936,"x23":1.0115072727203367,"x24":0.9875444173812865,"x25":0.9156144857406616,"x26":0.6968463659286499,"x27":0.8940916657447816,"x28":0.8044899702072142}
{"label":0.0,"x1":0.3334425687789917,"x2":0.15091101825237274,"x3":-0.9213135242462158,"x4":1.239845633506775,"x5":0.13316896557807922,"x6":1.0887517929077148,"x7":-0.39809787273406977,"x8":-1.0310826301574707,"x9":2.1730761528015137,"x10":0.8597949743270874,"x11":0.7247049808502197,"x12":1.4213734865188599,"x13":0.0,"x14":1.0098227262496948,"x15":0.15309467911720276,"x16":0.4109644293785095,"x17":2.548224449157715,"x18":1.3830394744873047,"x19":1.0972003936767578,"x20":0.8077905774116515,"x21":0.0,"x22":0.8519375324249268,"x23":0.846527099609375,"x24":0.9891595244407652,"x25":1.4266896247863767,"x26":1.3140674829483032,"x27":1.0961077213287351,"x28":1.0019619464874268}
{"label":0.0,"x1":0.8606917262077332,"x2":0.8687260150909424,"x3":1.3770275115966797,"x4":1.0514757633209229,"x5":-0.25084999203681946,"x6":0.6971309185028076,"x7":0.16930387914180756,"x8":-1.221787691116333,"x9":0.0,"x10":0.8805691003799438,"x11":-0.04947978258132935,"x12":0.640173077583313,"x13":2.2148721218109126,"x14":0.4016460180282593,"x15":-0.9656009674072265,"x16":1.587003231048584,"x17":0.0,"x18":0.7762253880500793,"x19":-0.10539642721414566,"x20":0.06309853494167328,"x21":3.101961374282837,"x22":0.8281564116477966,"x23":0.9953737258911133,"x24":1.3107134103775024,"x25":0.7438285946846008,"x26":0.37188997864723206,"x27":0.638352632522583,"x28":0.7045270204544067}
{"label":0.0,"x1":0.9536603689193724,"x2":-0.90876704454422,"x3":-1.4500963687896729,"x4":0.9668161273002625,"x5":1.1488682031631468,"x6":0.6391435265541077,"x7":0.2693171203136444,"x8":0.9093363881111144,"x9":1.0865380764007568,"x10":1.1476104259490967,"x11":-0.4118021428585053,"x12":-0.6249443292617798,"x13":1.1074360609054563,"x14":0.7901204228401184,"x15":1.0378563404083252,"x16":-0.1788218468427658,"x17":0.0,"x18":0.6238524913787842,"x19":1.745969533920288,"x20":0.8932469487190247,"x21":0.0,"x22":0.744105577468872,"x23":0.8485528826713562,"x24":0.9873429536819458,"x25":0.985516369342804,"x26":1.3164931535720823,"x27":0.9372348785400391,"x28":0.9637932181358336}
{"label":1.0,"x1":0.5400598645210266,"x2":2.262475252151489,"x3":0.4842556416988373,"x4":0.6727021336555481,"x5":-0.1870970577001572,"x6":1.044047474861145,"x7":1.2466740608215332,"x8":-0.6080942153930664,"x9":0.0,"x10":1.1466031074523924,"x11":1.4376933574676511,"x12":1.4097219705581665,"x13":2.2148721218109126,"x14":1.8989934921264648,"x15":0.8685501813888551,"x16":1.0389246940612793,"x17":2.548224449157715,"x18":0.5182138681411743,"x19":0.29435873031616205,"x20":-0.4774884879589081,"x21":0.0,"x22":0.5428426861763,"x23":1.2709454298019407,"x24":0.9917940497398376,"x25":0.8994466662406921,"x26":0.6620310544967651,"x27":1.0258203744888303,"x28":0.8725175261497498}
{"label":1.0,"x1":1.1498461961746216,"x2":0.7820427417755128,"x3":-0.10732916742563248,"x4":0.2128147184848785,"x5":1.4002412557601929,"x6":1.0957139730453491,"x7":0.6862038969993591,"x8":1.4049478769302368,"x9":0.0,"x10":0.275225043296814,"x11":-2.7838966846466064,"x12":-0.6449182033538817,"x13":0.0,"x14":0.7479712963104248,"x15":1.2827132940292358,"x16":0.07313060015439987,"x17":2.548224449157715,"x18":0.8821075558662415,"x19":0.44176843762397766,"x20":-1.4979746341705322,"x21":0.0,"x22":0.7618430256843568,"x23":0.9726121425628662,"x24":0.988444745540619,"x25":0.5254550576210022,"x26":0.6829779148101808,"x27":0.7627406120300293,"x28":0.7290323376655578}
{"label":1.0,"x1":1.2252458333969116,"x2":0.12948369979858398,"x3":-0.6949300765991211,"x4":0.8000342845916749,"x5":-1.683070421218872,"x6":0.6474798321723938,"x7":-0.22381739318370816,"x8":1.4043935537338257,"x9":0.0,"x10":1.3476710319519043,"x11":-1.1160480976104736,"x12":0.8793047666549682,"x13":1.1074360609054563,"x14":0.6392617225646973,"x15":-2.4156270027160645,"x16":-0.6043066382408142,"x17":0.0,"x18":0.7587000727653502,"x19":0.2685412168502808,"x20":0.4681843519210816,"x21":0.0,"x22":0.8685654401779175,"x23":0.6334080696105957,"x24":1.06533944606781,"x25":1.3515572547912595,"x26":0.9213223457336424,"x27":0.9554023146629331,"x28":0.8852853775024414}
{"label":1.0,"x1":0.9730592966079714,"x2":-0.6009928584098816,"x3":1.5357178449630735,"x4":1.2019746303558347,"x5":-1.1577742099761963,"x6":1.5132596492767332,"x7":-0.24560245871543884,"x8":-1.579914093017578,"x9":2.1730761528015137,"x10":2.024402141571045,"x11":-1.0878781080245972,"x12":0.0964398682117462,"x13":0.0,"x14":1.5372135639190672,"x15":-1.0329593420028687,"x16":0.8586357831954957,"x17":0.0,"x18":1.3406866788864136,"x19":1.2013032436370847,"x20":-0.2222289443016052,"x21":0.0,"x22":1.7160466909408567,"x23":1.1578885316848755,"x24":0.9877298474311828,"x25":0.7395663261413574,"x26":0.9791331887245177,"x27":1.445101976394653,"x28":1.1871392726898191}
{"label":1.0,"x1":1.3936142921447752,"x2":-0.40619912743568415,"x3":-1.0877718925476074,"x4":0.3589208424091339,"x5":-0.7446835041046143,"x6":1.5999200344085691,"x7":-1.159584641456604,"x8":0.44532427191734314,"x9":0.0,"x10":1.8485152721405027,"x11":0.37598186731338495,"x12":-0.9661646485328673,"x13":2.2148721218109126,"x14":1.368090271949768,"x15":-0.5951297283172609,"x16":1.0683257579803467,"x17":0.0,"x18":0.7221890091896057,"x19":0.6266552209854126,"x20":1.0963448286056519,"x21":0.0,"x22":0.8363118767738342,"x23":0.6126443147659302,"x24":0.9943376779556273,"x25":0.6861499547958374,"x26":0.8217395544052125,"x27":0.920423686504364,"x28":0.8057960867881776}
{"label":0.0,"x1":0.4414179623126984,"x2":-0.672092616558075,"x3":1.1151329278945923,"x4":1.7008943557739256,"x5":-0.5769940614700316,"x6":0.5861029624938965,"x7":-1.3130701780319212,"x8":1.3450754880905151,"x9":0.0,"x10":0.5795337557792664,"x11":0.8655541539192199,"x12":-1.5670454502105713,"x13":1.1074360609054563,"x14":0.770626425743103,"x15":-0.7198337912559509,"x16":-0.032371897250413895,"x17":2.548224449157715,"x18":0.7440956234931946,"x19":-1.5311897993087769,"x20":0.4959299564361572,"x21":0.0,"x22":0.7468822002410888,"x23":0.7449066638946533,"x24":1.1990957260131836,"x25":1.02626895904541,"x26":0.9674240350723265,"x27":0.8479205369949341,"x28":0.8086664080619811}
{"label":0.0,"x1":1.0502891540527344,"x2":0.8161316514015197,"x3":0.8926335573196411,"x4":1.093114137649536,"x5":1.6234923601150513,"x6":1.0964467525482176,"x7":0.04948606342077255,"x8":-1.3592727184295654,"x9":1.0865380764007568,"x10":0.7458523511886596,"x11":0.6596230268478394,"x12":-0.19050978124141693,"x13":2.2148721218109126,"x14":1.012457013130188,"x15":-1.5554420948028564,"x16":-0.3940591216087341,"x17":0.0,"x18":0.9690039157867432,"x19":-2.001734972000122,"x20":0.2922772169113159,"x21":0.0,"x22":0.9302172660827636,"x23":1.3196520805358887,"x24":0.9866748452186584,"x25":1.186415672302246,"x26":1.2325540781021118,"x27":1.1625193357467651,"x28":1.2594039440155027}
{"label":1.0,"x1":0.6873821616172792,"x2":1.387851357460022,"x3":-1.21039617061615,"x4":1.0885615348815916,"x5":0.3042866289615631,"x6":1.6842902898788452,"x7":2.239874601364136,"x8":1.0396145582199097,"x9":0.0,"x10":1.8940922021865845,"x11":-0.23986901342868805,"x12":-0.9417521357536318,"x13":1.1074360609054563,"x14":0.989977478981018,"x15":-0.27563247084617615,"x16":-0.07175793498754501,"x17":1.2741122245788574,"x18":0.5301408171653748,"x19":-0.9348884224891663,"x20":-1.6145061254501343,"x21":0.0,"x22":0.4572809636592865,"x23":0.583794355392456,"x24":1.1732958555221555,