{"label":0.0,"x1":0.39237150549888605,"x2":1.378111720085144,"x3":1.5673449039459229,"x4":0.17123566567897797,"x5":1.6574530601501465,"x6":0.8639476299285888,"x7":0.8882108330726622,"x8":1.4797885417938232,"x9":2.1730761528015137,"x10":1.2008675336837769,"x11":0.9490923285484314,"x12":-0.3009214699268341,"x13":2.2148721218109126,"x14":1.277294039726257,"x15":0.40250280499458313,"x16":0.5074883699417113,"x17":0.0,"x18":0.5055566430091858,"x19":-0.5542881488800049,"x20":-0.7055600881576538,"x21":0.0,"x22":0.9415256381034851,"x23":0.9448251128196716,"x24":0.9839764833450316,"x25":0.7801498770713806,"x26":1.4989640712738037,"x27":0.9166819453239442,"x28":0.802712619304657}
